{"cameraMode":{"drawMode":0,"name":"Shaded","section":"Shading Mode"},"sceneLighting":true,"audioPlay":false,"sceneViewState":{"m_AlwaysRefresh":false,"showFog":true,"showSkybox":true,"showFlares":true,"showImageEffects":true,"showParticleSystems":true,"showVisualEffectGraphs":true,"m_FxEnabled":true},"in2DMode":false,"pivot":{"x":0.3058363199234009,"y":-0.21766439080238343,"z":-0.3421376943588257},"rotation":{"x":-0.02595805935561657,"y":0.9334682822227478,"z":-0.06902362406253815,"w":-0.3510386645793915},"size":0.9150266051292419,"orthographic":false}